Workbook

Sheet Nhật ký hệ thống
A1: NHẬT KÝ CẢNH BÁO SỰ CỐ AN NINH MẠNG - NETGUARD
A2: NetGuard Cyber Security Center | Cập nhật: 20/05/2024
A4: STT | B4: Thời gian | C4: IP Nguồn | D4: IP Đích | E4: Mã loại độc (Thô) | F4: Tên Mã Độc (VLOOKUP+TRIM) | G4: Mức độ
A5: 1 | B5: 2024-05-20 18:54:12 | C5: 192.168.1.233 | D5: 10.0.0.70 | E5: MDL_3099 | F5: =IFERROR(VLOOKUP(TRIM(E5), CoSoDuLieuVirus!$A$2:$D$10, 2, FALSE), "Không xác định") | G5: Nghiêm trọng
A6: 2 | B6: 2024-05-20 01:42:32 | C6: 192.168.1.55 | D6: 10.0.0.78 | E6: MDL_2045 | F6: =IFERROR(VLOOKUP(TRIM(E6), CoSoDuLieuVirus!$A$2:$D$10, 2, FALSE), "Không xác định") | G6: Thấp
A7: 3 | B7: 2024-05-20 15:44:50 | C7: 192.168.1.55 | D7: 10.0.0.43 | E7: MDL_1023 | F7: =IFERROR(VLOOKUP(TRIM(E7), CoSoDuLieuVirus!$A$2:$D$10, 2, FALSE), "Không xác định") | G7: Cao
A8: 4 | B8: 2024-05-20 08:12:10 | C8: 192.168.1.23 | D8: 10.0.0.57 | E8: MDL_4012 | F8: =IFERROR(VLOOKUP(TRIM(E8), CoSoDuLieuVirus!$A$2:$D$10, 2, FALSE), "Không xác định") | G8: Thấp
A9: 5 | B9: 2024-05-20 06:30:50 | C9: 192.168.1.84 | D9: 10.0.0.31 | E9: MDL_2045 | F9: =IFERROR(VLOOKUP(TRIM(E9), CoSoDuLieuVirus!$A$2:$D$10, 2, FALSE), "Không xác định") | G9: Nghiêm trọng
A10: 6 | B10: 2024-05-20 13:13:04 | C10: 192.168.1.111 | D10: 10.0.0.60 | E10: MDL_3099 | F10: =IFERROR(VLOOKUP(TRIM(E10), CoSoDuLieuVirus!$A$2:$D$10, 2, FALSE), "Không xác định") | G10: Trung bình
A11: 7 | B11: 2024-05-20 03:41:52 | C11: 192.168.1.160 | D11: 10.0.0.88 | E11: MDL_3099 | F11: =IFERROR(VLOOKUP(TRIM(E11), CoSoDuLieuVirus!$A$2:$D$10, 2, FALSE), "Không xác định") | G11: Thấp
A12: 8 | B12: 2024-05-20 12:50:24 | C12: 192.168.1.59 | D12: 10.0.0.55 | E12: MDL_1023 | F12: =IFERROR(VLOOKUP(TRIM(E12), CoSoDuLieuVirus!$A$2:$D$10, 2, FALSE), "Không xác định") | G12: Nghiêm trọng
A13: 9 | B13: 2024-05-20 23:42:26 | C13: 192.168.1.2 | D13: 10.0.0.60 | E13: MDL_2045 | F13: =IFERROR(VLOOKUP(TRIM(E13), CoSoDuLieuVirus!$A$2:$D$10, 2, FALSE), "Không xác định") | G13: Cao
A14: 10 | B14: 2024-05-20 11:50:01 | C14: 192.168.1.95 | D14: 10.0.0.91 | E14: MDL_3099 | F14: =IFERROR(VLOOKUP(TRIM(E14), CoSoDuLieuVirus!$A$2:$D$10, 2, FALSE), "Không xác định") | G14: Cao
A15: 11 | B15: 2024-05-20 08:36:52 | C15: 192.168.1.40 | D15: 10.0.0.5 | E15: MDL_1023 | F15: =IFERROR(VLOOKUP(TRIM(E15), CoSoDuLieuVirus!$A$2:$D$10, 2, FALSE), "Không xác định") | G15: Trung bình
A16: 12 | B16: 2024-05-20 08:04:48 | C16: 192.168.1.39 | D16: 10.0.0.52 | E16: MDL_2045 | F16: =IFERROR(VLOOKUP(TRIM(E16), CoSoDuLieuVirus!$A$2:$D$10, 2, FALSE), "Không xác định") | G16: Thấp
... A154: 150 | B154: 2024-05-20 07:56:23 | C154: 192.168.1.222 | D154: 10.0.0.49 | E154: MDL_4012 | F154: =IFERROR(VLOOKUP(TRIM(E154), CoSoDuLieuVirus!$A$2:$D$10, 2, FALSE), "Không xác định") | G154: Nghiêm trọng

Sheet CoSoDuLieuVirus
A1: CƠ SỞ DỮ LIỆU ĐỊNH NGHĨA MÃ ĐỘC (VIRUS DATABASE)
A2: Mã loại | B2: Tên mã độc | C2: Mô tả chủng loại | D2: Mức độ mặc định
A3: MDL_1023 | B3: Emotet | C3: Banking Trojan / Botnet | D3: Cao
A4: MDL_2045 | B4: Lokibot | C4: Info Stealer / Spyware | D4: Trung bình
A5: MDL_3099 | B5: Cobalt Strike | C5: Penetration Tool / Beacon | D5: Nghiêm trọng
A6: MDL_4012 | B6: WannaCry | C6: Ransomware | D6: Nghiêm trọng
